run_id,id,d_hat,rho,gamma,epsilon,lambda,t_min,t_max,dt_target,dt_applied_w2,order_idx,ts_start_iso,ts_end_iso,dt_applied,renderer,notes
2021_g1.0_e0.1_l0.5,ncaf_2021_0001,0.5519130229949951,0.3470037579536438,1.0,0.1,0.5,0.2,1.2,0.882371345311769,,0,2025-10-28T00:30:31.979239+00:00,2025-10-28T00:30:32.866761+00:00,0.887507,opencv,w3 baseline run
2021_g1.0_e0.1_l0.5,ncaf_2021_0002,0.325953334569931,0.1558703333139419,1.0,0.1,0.5,0.2,1.2,0.5913005847934512,,1,2025-10-28T00:30:32.868569+00:00,2025-10-28T00:30:33.460107+00:00,0.591522,opencv,w3 baseline run
2021_g1.0_e0.1_l0.5,ncaf_2021_0003,0.324989378452301,0.1635818183422088,1.0,0.1,0.5,0.2,1.2,0.5704774282853506,,2,2025-10-28T00:30:33.461998+00:00,2025-10-28T00:30:34.036465+00:00,0.574454,opencv,w3 baseline run
2021_g1.0_e0.1_l0.5,ncaf_2021_0004,0.4244057238101959,0.2083001136779785,1.0,0.1,0.5,0.2,1.2,0.6787206960226922,,3,2025-10-28T00:30:34.038037+00:00,2025-10-28T00:30:34.721657+00:00,0.68361,opencv,w3 baseline run
2021_g1.0_e0.1_l0.5,ncaf_2021_0005,0.2247208654880523,0.1100405603647232,1.0,0.1,0.5,0.2,1.2,0.4681322776173111,,4,2025-10-28T00:30:34.722958+00:00,2025-10-28T00:30:35.195784+00:00,0.472815,opencv,w3 baseline run
2021_g1.0_e0.1_l0.5,ncaf_2021_0006,0.338434636592865,0.1522438526153564,1.0,0.1,0.5,0.2,1.2,0.5692287338502175,,5,2025-10-28T00:30:35.196914+00:00,2025-10-28T00:30:35.768265+00:00,0.571337,opencv,w3 baseline run
2021_g1.0_e0.1_l0.5,ncaf_2021_0007,0.4987184107303619,0.1231865733861923,1.0,0.1,0.5,0.2,1.2,0.7237336587442562,,6,2025-10-28T00:30:35.769106+00:00,2025-10-28T00:30:36.497916+00:00,0.728795,opencv,w3 baseline run
2021_g1.0_e0.1_l0.5,ncaf_2021_0008,0.1547994613647461,0.0823991149663925,1.0,0.1,0.5,0.2,1.2,0.4034583758686631,,7,2025-10-28T00:30:36.499525+00:00,2025-10-28T00:30:36.907067+00:00,0.40753,opencv,w3 baseline run
2021_g1.0_e0.1_l0.5,ncaf_2021_0009,0.5166831016540527,0.2521453499794006,1.0,0.1,0.5,0.2,1.2,0.7699681499511263,,8,2025-10-28T00:30:36.909222+00:00,2025-10-28T00:30:37.684228+00:00,0.774995,opencv,w3 baseline run
2021_g1.0_e0.1_l0.5,ncaf_2021_0010,0.7151175141334534,0.3795062899589538,1.0,0.1,0.5,0.2,1.2,1.0612386037965398,,9,2025-10-28T00:30:37.685285+00:00,2025-10-28T00:30:38.749450+00:00,1.064147,opencv,w3 baseline run
2021_g1.0_e0.1_l0.5,ncaf_2021_0011,0.2610212564468384,0.1022430062294006,1.0,0.1,0.5,0.2,1.2,0.5298885854081535,,10,2025-10-28T00:30:38.750149+00:00,2025-10-28T00:30:39.282963+00:00,0.532804,opencv,w3 baseline run
2021_g1.0_e0.1_l0.5,ncaf_2021_0012,0.4558534324169159,0.1743476688861847,1.0,0.1,0.5,0.2,1.2,0.6965303409675441,,11,2025-10-28T00:30:39.283919+00:00,2025-10-28T00:30:39.985560+00:00,0.701629,opencv,w3 baseline run
2021_g1.0_e0.1_l0.5,ncaf_2021_0013,0.3816029131412506,0.1415527313947677,1.0,0.1,0.5,0.2,1.2,0.6290924696088201,,12,2025-10-28T00:30:39.986626+00:00,2025-10-28T00:30:40.617064+00:00,0.630424,opencv,w3 baseline run
2021_g1.0_e0.1_l0.5,ncaf_2021_0014,0.4608883857727051,0.2503848075866699,1.0,0.1,0.5,0.2,1.2,0.7353701791870697,,13,2025-10-28T00:30:40.618607+00:00,2025-10-28T00:30:41.357388+00:00,0.738765,opencv,w3 baseline run
2021_g1.0_e0.1_l0.5,ncaf_2021_0015,0.6984414458274841,0.3444021344184875,1.0,0.1,0.5,0.2,1.2,1.0244478914341817,,14,2025-10-28T00:30:41.359168+00:00,2025-10-28T00:30:42.388488+00:00,1.029305,opencv,w3 baseline run
2021_g1.0_e0.1_l0.5,ncaf_2021_0016,0.0,0.1172005906701088,1.0,0.1,0.5,0.2,1.2,0.2830646760132058,,15,2025-10-28T00:30:42.389676+00:00,2025-10-28T00:30:42.674490+00:00,0.284803,opencv,w3 baseline run
2021_g1.0_e0.1_l0.5,ncaf_2021_0017,0.4995982348918915,0.2233324348926544,1.0,0.1,0.5,0.2,1.2,0.729673176241992,,16,2025-10-28T00:30:42.676351+00:00,2025-10-28T00:30:43.407788+00:00,0.731424,opencv,w3 baseline run
2021_g1.0_e0.1_l0.5,ncaf_2021_0018,0.4573544263839721,0.2263230830430984,1.0,0.1,0.5,0.2,1.2,0.7316329673367042,,17,2025-10-28T00:30:43.409530+00:00,2025-10-28T00:30:44.146830+00:00,0.737286,opencv,w3 baseline run
2021_g1.0_e0.1_l0.5,ncaf_2021_0019,0.2178139388561248,0.1052957624197006,1.0,0.1,0.5,0.2,1.2,0.4650158571272342,,18,2025-10-28T00:30:44.148119+00:00,2025-10-28T00:30:44.614831+00:00,0.466697,opencv,w3 baseline run
2021_g1.0_e0.1_l0.5,ncaf_2021_0020,0.4176218211650848,0.2293223887681961,1.0,0.1,0.5,0.2,1.2,0.6688362439856534,,19,2025-10-28T00:30:44.616322+00:00,2025-10-28T00:30:45.290372+00:00,0.673985,opencv,w3 baseline run
2021_g1.0_e0.1_l0.5,ncaf_2021_0021,0.3797104656696319,0.1517538726329803,1.0,0.1,0.5,0.2,1.2,0.6258838391601421,,20,2025-10-28T00:30:45.292380+00:00,2025-10-28T00:30:45.921710+00:00,0.629311,opencv,w3 baseline run
2021_g1.0_e0.1_l0.5,ncaf_2021_0022,0.3495586514472961,0.1401435583829879,1.0,0.1,0.5,0.2,1.2,0.5915111565159171,,21,2025-10-28T00:30:45.923231+00:00,2025-10-28T00:30:46.515996+00:00,0.592755,opencv,w3 baseline run
2021_g1.0_e0.1_l0.5,ncaf_2021_0023,0.3121041655540466,0.1469663828611374,1.0,0.1,0.5,0.2,1.2,0.5541013832876366,,22,2025-10-28T00:30:46.516945+00:00,2025-10-28T00:30:47.075751+00:00,0.558792,opencv,w3 baseline run
2021_g1.0_e0.1_l0.5,ncaf_2021_0024,0.2013415247201919,0.0893894284963607,1.0,0.1,0.5,0.2,1.2,0.4312755918418905,,23,2025-10-28T00:30:47.077015+00:00,2025-10-28T00:30:47.511618+00:00,0.434592,opencv,w3 baseline run
2021_g1.0_e0.1_l0.5,ncaf_2021_0025,0.4974347651004791,0.211247444152832,1.0,0.1,0.5,0.2,1.2,0.7396332368192299,,24,2025-10-28T00:30:47.512999+00:00,2025-10-28T00:30:48.256988+00:00,0.743976,opencv,w3 baseline run
2021_g1.0_e0.1_l0.5,ncaf_2021_0026,0.60267573595047,0.3406803011894226,1.0,0.1,0.5,0.2,1.2,0.9237559603288614,,25,2025-10-28T00:30:48.260406+00:00,2025-10-28T00:30:49.186188+00:00,0.925764,opencv,w3 baseline run
2021_g1.0_e0.1_l0.5,ncaf_2021_0027,0.4902652204036712,0.219118982553482,1.0,0.1,0.5,0.2,1.2,0.7768794390597621,,26,2025-10-28T00:30:49.188002+00:00,2025-10-28T00:30:49.969431+00:00,0.781415,opencv,w3 baseline run
2021_g1.0_e0.1_l0.5,ncaf_2021_0028,0.2287611216306686,0.1126759201288223,1.0,0.1,0.5,0.2,1.2,0.4815865196564809,,27,2025-10-28T00:30:49.970992+00:00,2025-10-28T00:30:50.457658+00:00,0.486654,opencv,w3 baseline run
2021_g1.0_e0.1_l0.5,ncaf_2021_0029,0.4794496297836303,0.2875458300113678,1.0,0.1,0.5,0.2,1.2,0.7515673037686207,,28,2025-10-28T00:30:50.459330+00:00,2025-10-28T00:30:51.214166+00:00,0.754823,opencv,w3 baseline run
2021_g1.0_e0.1_l0.5,ncaf_2021_0030,0.1584911048412323,0.0738434568047523,1.0,0.1,0.5,0.2,1.2,0.402690088267725,,29,2025-10-28T00:30:51.215640+00:00,2025-10-28T00:30:51.623239+00:00,0.407587,opencv,w3 baseline run
2021_g1.0_e0.1_l0.5,ncaf_2021_0031,0.6411908268928528,0.3291923403739929,1.0,0.1,0.5,0.2,1.2,0.9269101185304665,,30,2025-10-28T00:30:51.625322+00:00,2025-10-28T00:30:52.556351+00:00,0.931015,opencv,w3 baseline run
2021_g1.0_e0.1_l0.5,ncaf_2021_0032,0.3921149373054504,0.2308042049407959,1.0,0.1,0.5,0.2,1.2,0.6831772434749052,,31,2025-10-28T00:30:52.558051+00:00,2025-10-28T00:30:53.243288+00:00,0.685224,opencv,w3 baseline run
2021_g1.0_e0.1_l0.5,ncaf_2021_0033,0.4864672720432281,0.2171455323696136,1.0,0.1,0.5,0.2,1.2,0.7527984619047766,,32,2025-10-28T00:30:53.244539+00:00,2025-10-28T00:30:54.001417+00:00,0.756863,opencv,w3 baseline run
2021_g1.0_e0.1_l0.5,ncaf_2021_0034,0.5644932389259338,0.326908528804779,1.0,0.1,0.5,0.2,1.2,0.8795143109017441,,33,2025-10-28T00:30:54.003023+00:00,2025-10-28T00:30:54.883843+00:00,0.880804,opencv,w3 baseline run
2021_g1.0_e0.1_l0.5,ncaf_2021_0035,0.0899449661374092,0.0668584555387497,1.0,0.1,0.5,0.2,1.2,0.3477960188085336,,34,2025-10-28T00:30:54.885560+00:00,2025-10-28T00:30:55.233724+00:00,0.348154,opencv,w3 baseline run
2021_g1.0_e0.1_l0.5,ncaf_2021_0036,0.2242934554815292,0.0952849239110946,1.0,0.1,0.5,0.2,1.2,0.4353149982306436,,35,2025-10-28T00:30:55.235263+00:00,2025-10-28T00:30:55.674437+00:00,0.439163,opencv,w3 baseline run
2021_g1.0_e0.1_l0.5,ncaf_2021_0037,0.435077041387558,0.1225299835205078,1.0,0.1,0.5,0.2,1.2,0.65068406935002,,36,2025-10-28T00:30:55.675921+00:00,2025-10-28T00:30:56.329224+00:00,0.65329,opencv,w3 baseline run
2021_g1.0_e0.1_l0.5,ncaf_2021_0038,0.4921213686466217,0.2376144826412201,1.0,0.1,0.5,0.2,1.2,0.7655118034703746,,37,2025-10-28T00:30:56.330566+00:00,2025-10-28T00:30:57.100102+00:00,0.769502,opencv,w3 baseline run
2021_g1.0_e0.1_l0.5,ncaf_2021_0039,0.1408317536115646,0.0874198973178863,1.0,0.1,0.5,0.2,1.2,0.3915694060910717,,38,2025-10-28T00:30:57.101346+00:00,2025-10-28T00:30:57.495510+00:00,0.394151,opencv,w3 baseline run
2021_g1.0_e0.1_l0.5,ncaf_2021_0040,0.0975259095430374,0.090198740363121,1.0,0.1,0.5,0.2,1.2,0.3190587942440138,,39,2025-10-28T00:30:57.496523+00:00,2025-10-28T00:30:57.821525+00:00,0.324984,opencv,w3 baseline run
2021_g1.0_e0.1_l0.5,ncaf_2021_0041,0.8522021770477295,0.5137770771980286,1.0,0.1,0.5,0.2,1.2,1.228622370163628,,40,2025-10-28T00:30:57.822875+00:00,2025-10-28T00:30:59.054707+00:00,1.231815,opencv,w3 baseline run
2021_g1.0_e0.1_l0.5,ncaf_2021_0042,0.254779040813446,0.1125342026352882,1.0,0.1,0.5,0.2,1.2,0.5355825961339347,,41,2025-10-28T00:30:59.056254+00:00,2025-10-28T00:30:59.595192+00:00,0.538884,opencv,w3 baseline run
2021_g1.0_e0.1_l0.5,ncaf_2021_0043,0.3069422245025635,0.1434335559606552,1.0,0.1,0.5,0.2,1.2,0.5433102776434571,,42,2025-10-28T00:30:59.598408+00:00,2025-10-28T00:31:00.146792+00:00,0.548375,opencv,w3 baseline run
2021_g1.0_e0.1_l0.5,ncaf_2021_0044,0.4355660676956177,0.1782289296388626,1.0,0.1,0.5,0.2,1.2,0.6781967870187742,,43,2025-10-28T00:31:00.147431+00:00,2025-10-28T00:31:00.828032+00:00,0.680589,opencv,w3 baseline run
2021_g1.0_e0.1_l0.5,ncaf_2021_0045,0.1338114142417907,0.0972686037421226,1.0,0.1,0.5,0.2,1.2,0.3803404489884375,,44,2025-10-28T00:31:00.828774+00:00,2025-10-28T00:31:01.214166+00:00,0.385381,opencv,w3 baseline run
2021_g1.0_e0.1_l0.5,ncaf_2021_0046,0.602737545967102,0.3108220100402832,1.0,0.1,0.5,0.2,1.2,0.8766494592207041,,45,2025-10-28T00:31:01.215346+00:00,2025-10-28T00:31:02.095099+00:00,0.879739,opencv,w3 baseline run
2021_g1.0_e0.1_l0.5,ncaf_2021_0047,0.7485437393188477,0.4175116419792175,1.0,0.1,0.5,0.2,1.2,1.1236143874982425,,46,2025-10-28T00:31:02.095912+00:00,2025-10-28T00:31:03.220575+00:00,1.124648,opencv,w3 baseline run
2021_g1.0_e0.1_l0.5,ncaf_2021_0048,0.2814121544361114,0.110234186053276,1.0,0.1,0.5,0.2,1.2,0.555231328514061,,47,2025-10-28T00:31:03.221453+00:00,2025-10-28T00:31:03.780544+00:00,0.55908,opencv,w3 baseline run
2021_g1.0_e0.1_l0.5,ncaf_2021_0049,0.2733498215675354,0.1197313219308853,1.0,0.1,0.5,0.2,1.2,0.5072915147723871,,48,2025-10-28T00:31:03.781794+00:00,2025-10-28T00:31:04.290947+00:00,0.509139,opencv,w3 baseline run
2021_g1.0_e0.1_l0.5,ncaf_2021_0050,0.1850678920745849,0.0946985632181167,1.0,0.1,0.5,0.2,1.2,0.4131005926702099,,49,2025-10-28T00:31:04.292535+00:00,2025-10-28T00:31:04.708550+00:00,0.416009,opencv,w3 baseline run
2021_g1.0_e0.1_l0.5,ncaf_2021_0051,0.0756134018301963,0.0731619521975517,1.0,0.1,0.5,0.2,1.2,0.2980113787143626,,50,2025-10-28T00:31:04.709228+00:00,2025-10-28T00:31:05.012052+00:00,0.302798,opencv,w3 baseline run
2021_g1.0_e0.1_l0.5,ncaf_2021_0052,0.6215406060218811,0.2692128419876098,1.0,0.1,0.5,0.2,1.2,0.8715320379938193,,51,2025-10-28T00:31:05.013185+00:00,2025-10-28T00:31:05.887962+00:00,0.87476,opencv,w3 baseline run
2021_g1.0_e0.1_l0.5,ncaf_2021_0053,0.3149743974208832,0.1612855345010757,1.0,0.1,0.5,0.2,1.2,0.5838610833881429,,52,2025-10-28T00:31:05.889937+00:00,2025-10-28T00:31:06.477920+00:00,0.587973,opencv,w3 baseline run
2021_g1.0_e0.1_l0.5,ncaf_2021_0054,0.7958882451057434,0.4228169918060303,1.0,0.1,0.5,0.2,1.2,1.1512359901668716,,53,2025-10-28T00:31:06.478689+00:00,2025-10-28T00:31:07.633392+00:00,1.154682,opencv,w3 baseline run
2021_g1.0_e0.1_l0.5,ncaf_2021_0055,0.2364107817411422,0.1025611013174057,1.0,0.1,0.5,0.2,1.2,0.5128173346419428,,54,2025-10-28T00:31:07.634398+00:00,2025-10-28T00:31:08.149536+00:00,0.515128,opencv,w3 baseline run
2021_g1.0_e0.1_l0.5,ncaf_2021_0056,0.3647075891494751,0.2096656560897827,1.0,0.1,0.5,0.2,1.2,0.6154107616819527,,55,2025-10-28T00:31:08.150490+00:00,2025-10-28T00:31:08.770966+00:00,0.620466,opencv,w3 baseline run
2021_g1.0_e0.1_l0.5,ncaf_2021_0057,0.719809889793396,0.3515552878379822,1.0,0.1,0.5,0.2,1.2,1.0388355381913177,,56,2025-10-28T00:31:08.772113+00:00,2025-10-28T00:31:09.812437+00:00,1.040306,opencv,w3 baseline run
2021_g1.0_e0.1_l0.5,ncaf_2021_0058,0.5848690867424011,0.3624428212642669,1.0,0.1,0.5,0.2,1.2,0.9387582800943256,,57,2025-10-28T00:31:09.814020+00:00,2025-10-28T00:31:10.755137+00:00,0.941096,opencv,w3 baseline run
2021_g1.0_e0.1_l0.5,ncaf_2021_0059,0.4491303861141205,0.1595974415540695,1.0,0.1,0.5,0.2,1.2,0.7166525539323764,,58,2025-10-28T00:31:10.756780+00:00,2025-10-28T00:31:11.478522+00:00,0.721729,opencv,w3 baseline run
2021_g1.0_e0.1_l0.5,ncaf_2021_0060,0.176503449678421,0.0852248072624206,1.0,0.1,0.5,0.2,1.2,0.4224896834503544,,59,2025-10-28T00:31:11.480123+00:00,2025-10-28T00:31:11.906634+00:00,0.426502,opencv,w3 baseline run
2021_g1.0_e0.1_l0.5,ncaf_2021_0061,0.5438237190246582,0.3036386966705322,1.0,0.1,0.5,0.2,1.2,0.8177497722858333,,60,2025-10-28T00:31:11.909165+00:00,2025-10-28T00:31:12.729414+00:00,0.820233,opencv,w3 baseline run
2021_g1.0_e0.1_l0.5,ncaf_2021_0062,0.2847090363502502,0.1372697204351425,1.0,0.1,0.5,0.2,1.2,0.542048457619744,,61,2025-10-28T00:31:12.731304+00:00,2025-10-28T00:31:13.277911+00:00,0.546595,opencv,w3 baseline run
2021_g1.0_e0.1_l0.5,ncaf_2021_0063,0.5207439661026001,0.1877057701349258,1.0,0.1,0.5,0.2,1.2,0.7650330710023446,,62,2025-10-28T00:31:13.279240+00:00,2025-10-28T00:31:14.048908+00:00,0.769653,opencv,w3 baseline run
2021_g1.0_e0.1_l0.5,ncaf_2021_0064,0.4347671270370483,0.156630128622055,1.0,0.1,0.5,0.2,1.2,0.6914476626365054,,63,2025-10-28T00:31:14.050171+00:00,2025-10-28T00:31:14.745161+00:00,0.694977,opencv,w3 baseline run
2021_g1.0_e0.1_l0.5,ncaf_2021_0065,0.4397332370281219,0.1553907096385955,1.0,0.1,0.5,0.2,1.2,0.689598812731349,,64,2025-10-28T00:31:14.747001+00:00,2025-10-28T00:31:15.437402+00:00,0.690388,opencv,w3 baseline run
2021_g1.0_e0.1_l0.5,ncaf_2021_0066,0.4663052260875702,0.1848688423633575,1.0,0.1,0.5,0.2,1.2,0.7250082964958395,,65,2025-10-28T00:31:15.440603+00:00,2025-10-28T00:31:16.169764+00:00,0.729147,opencv,w3 baseline run
2021_g1.0_e0.1_l0.5,ncaf_2021_0067,0.431851178407669,0.2360799759626388,1.0,0.1,0.5,0.2,1.2,0.7099915718785291,,66,2025-10-28T00:31:16.171660+00:00,2025-10-28T00:31:16.886058+00:00,0.714386,opencv,w3 baseline run
2021_g1.0_e0.1_l0.5,ncaf_2021_0068,0.0887433364987373,0.0682785063982009,1.0,0.1,0.5,0.2,1.2,0.3344119255641012,,67,2025-10-28T00:31:16.887083+00:00,2025-10-28T00:31:17.222242+00:00,0.335153,opencv,w3 baseline run
2021_g1.0_e0.1_l0.5,ncaf_2021_0069,0.3195585608482361,0.1461243331432342,1.0,0.1,0.5,0.2,1.2,0.536466622988473,,68,2025-10-28T00:31:17.223145+00:00,2025-10-28T00:31:17.763356+00:00,0.540198,opencv,w3 baseline run
2021_g1.0_e0.1_l0.5,ncaf_2021_0070,0.2333875149488449,0.0780024081468582,1.0,0.1,0.5,0.2,1.2,0.4572049536587687,,69,2025-10-28T00:31:17.764171+00:00,2025-10-28T00:31:18.225760+00:00,0.461574,opencv,w3 baseline run
2021_g1.0_e0.1_l0.5,ncaf_2021_0071,0.2779571712017059,0.1480393409729004,1.0,0.1,0.5,0.2,1.2,0.5092633207827432,,70,2025-10-28T00:31:18.229632+00:00,2025-10-28T00:31:18.739714+00:00,0.510071,opencv,w3 baseline run
2021_g1.0_e0.1_l0.5,ncaf_2021_0072,0.3743412494659424,0.1158145889639854,1.0,0.1,0.5,0.2,1.2,0.5970021560244474,,71,2025-10-28T00:31:18.742066+00:00,2025-10-28T00:31:19.348891+00:00,0.606817,opencv,w3 baseline run
2021_g1.0_e0.1_l0.5,ncaf_2021_0073,0.2612625062465668,0.1474516540765762,1.0,0.1,0.5,0.2,1.2,0.5063354122817629,,72,2025-10-28T00:31:19.349824+00:00,2025-10-28T00:31:19.860114+00:00,0.510276,opencv,w3 baseline run
2021_g1.0_e0.1_l0.5,ncaf_2021_0074,0.2427713721990585,0.1014138013124466,1.0,0.1,0.5,0.2,1.2,0.468248683445344,,73,2025-10-28T00:31:19.861917+00:00,2025-10-28T00:31:20.335027+00:00,0.4731,opencv,w3 baseline run
2021_g1.0_e0.1_l0.5,ncaf_2021_0075,0.3686180710792541,0.1108564883470535,1.0,0.1,0.5,0.2,1.2,0.5871572906646215,,74,2025-10-28T00:31:20.336535+00:00,2025-10-28T00:31:20.924713+00:00,0.588166,opencv,w3 baseline run
2021_g1.0_e0.1_l0.5,ncaf_2021_0076,0.4410785734653473,0.1703917384147644,1.0,0.1,0.5,0.2,1.2,0.6864980034573531,,75,2025-10-28T00:31:20.926175+00:00,2025-10-28T00:31:21.616882+00:00,0.690682,opencv,w3 baseline run
2021_g1.0_e0.1_l0.5,ncaf_2021_0077,0.5266245007514954,0.2554250359535217,1.0,0.1,0.5,0.2,1.2,0.8088206065084421,,76,2025-10-28T00:31:21.618431+00:00,2025-10-28T00:31:22.432044+00:00,0.813602,opencv,w3 baseline run
2021_g1.0_e0.1_l0.5,ncaf_2021_0078,0.2443925440311432,0.0953096002340316,1.0,0.1,0.5,0.2,1.2,0.4941531260102164,,77,2025-10-28T00:31:22.432689+00:00,2025-10-28T00:31:22.929244+00:00,0.496519,opencv,w3 baseline run
2021_g1.0_e0.1_l0.5,ncaf_2021_0079,0.4106099009513855,0.1791631281375885,1.0,0.1,0.5,0.2,1.2,0.6501712572565055,,78,2025-10-28T00:31:22.930449+00:00,2025-10-28T00:31:23.583153+00:00,0.65269,opencv,w3 baseline run
2021_g1.0_e0.1_l0.5,ncaf_2021_0080,0.1606331318616867,0.0739926844835281,1.0,0.1,0.5,0.2,1.2,0.3984569937358229,,79,2025-10-28T00:31:23.585724+00:00,2025-10-28T00:31:23.986978+00:00,0.401243,opencv,w3 baseline run
2021_g1.0_e0.1_l0.5,ncaf_2021_0081,0.7078087329864502,0.2981056571006775,1.0,0.1,0.5,0.2,1.2,0.9829595473984066,,80,2025-10-28T00:31:23.988638+00:00,2025-10-28T00:31:24.975277+00:00,0.98662,opencv,w3 baseline run
2021_g1.0_e0.1_l0.5,ncaf_2021_0082,0.0609064288437366,0.0796026438474655,1.0,0.1,0.5,0.2,1.2,0.3331117773366767,,81,2025-10-28T00:31:24.976504+00:00,2025-10-28T00:31:25.314699+00:00,0.338186,opencv,w3 baseline run
2021_g1.0_e0.1_l0.5,ncaf_2021_0083,0.3014850616455078,0.0709035247564315,1.0,0.1,0.5,0.2,1.2,0.5005090666134199,,82,2025-10-28T00:31:25.316119+00:00,2025-10-28T00:31:25.817897+00:00,0.501767,opencv,w3 baseline run
2021_g1.0_e0.1_l0.5,ncaf_2021_0084,0.4493637681007385,0.2909440398216247,1.0,0.1,0.5,0.2,1.2,0.7248142094435226,,83,2025-10-28T00:31:25.820062+00:00,2025-10-28T00:31:26.549041+00:00,0.728963,opencv,w3 baseline run
2021_g1.0_e0.1_l0.5,ncaf_2021_0085,0.3174344003200531,0.1668658256530761,1.0,0.1,0.5,0.2,1.2,0.5731007190965758,,84,2025-10-28T00:31:26.552965+00:00,2025-10-28T00:31:27.129774+00:00,0.576758,opencv,w3 baseline run
2021_g1.0_e0.1_l0.5,ncaf_2021_0086,0.2347735911607742,0.0861215367913246,1.0,0.1,0.5,0.2,1.2,0.4633202654445239,,85,2025-10-28T00:31:27.130356+00:00,2025-10-28T00:31:27.598597+00:00,0.468227,opencv,w3 baseline run
2021_g1.0_e0.1_l0.5,ncaf_2021_0087,0.295004665851593,0.0952813774347305,1.0,0.1,0.5,0.2,1.2,0.5132637895335488,,86,2025-10-28T00:31:27.599915+00:00,2025-10-28T00:31:28.116251+00:00,0.516324,opencv,w3 baseline run
2021_g1.0_e0.1_l0.5,ncaf_2021_0088,0.3123221695423126,0.0894463211297988,1.0,0.1,0.5,0.2,1.2,0.5328947949664683,,87,2025-10-28T00:31:28.117325+00:00,2025-10-28T00:31:28.655281+00:00,0.537944,opencv,w3 baseline run
2021_g1.0_e0.1_l0.5,ncaf_2021_0089,0.5520166158676147,0.2830893993377685,1.0,0.1,0.5,0.2,1.2,0.8308426985700558,,88,2025-10-28T00:31:28.656318+00:00,2025-10-28T00:31:29.490773+00:00,0.834439,opencv,w3 baseline run
2021_g1.0_e0.1_l0.5,ncaf_2021_0090,0.5623931288719177,0.326330304145813,1.0,0.1,0.5,0.2,1.2,0.8827680642242021,,89,2025-10-28T00:31:29.492690+00:00,2025-10-28T00:31:30.376138+00:00,0.883432,opencv,w3 baseline run
2021_g1.0_e0.1_l0.5,ncaf_2021_0091,0.2515704333782196,0.0970149785280227,1.0,0.1,0.5,0.2,1.2,0.5057025052773947,,90,2025-10-28T00:31:30.377307+00:00,2025-10-28T00:31:30.888084+00:00,0.510764,opencv,w3 baseline run
2021_g1.0_e0.1_l0.5,ncaf_2021_0092,0.3938009142875671,0.0755633860826492,1.0,0.1,0.5,0.2,1.2,0.6046650842070793,,91,2025-10-28T00:31:30.889549+00:00,2025-10-28T00:31:31.499059+00:00,0.609497,opencv,w3 baseline run
2021_g1.0_e0.1_l0.5,ncaf_2021_0093,0.1710198372602462,0.0814230516552925,1.0,0.1,0.5,0.2,1.2,0.4081493744269695,,92,2025-10-28T00:31:31.500816+00:00,2025-10-28T00:31:31.913861+00:00,0.413034,opencv,w3 baseline run
2021_g1.0_e0.1_l0.5,ncaf_2021_0094,0.1851711422204971,0.0797340422868728,1.0,0.1,0.5,0.2,1.2,0.4012559088662646,,93,2025-10-28T00:31:31.915204+00:00,2025-10-28T00:31:32.320399+00:00,0.405183,opencv,w3 baseline run
2021_g1.0_e0.1_l0.5,ncaf_2021_0095,0.5904136300086975,0.3278505206108093,1.0,0.1,0.5,0.2,1.2,0.8728968061003034,,94,2025-10-28T00:31:32.322632+00:00,2025-10-28T00:31:33.200304+00:00,0.877655,opencv,w3 baseline run
2021_g1.0_e0.1_l0.5,ncaf_2021_0096,0.2849147021770477,0.130060613155365,1.0,0.1,0.5,0.2,1.2,0.5446769281376188,,95,2025-10-28T00:31:33.201525+00:00,2025-10-28T00:31:33.750421+00:00,0.548883,opencv,w3 baseline run
2021_g1.0_e0.1_l0.5,ncaf_2021_0097,0.2020804435014724,0.1405674815177917,1.0,0.1,0.5,0.2,1.2,0.4420425085559749,,96,2025-10-28T00:31:33.755403+00:00,2025-10-28T00:31:34.202372+00:00,0.446957,opencv,w3 baseline run
2021_g1.0_e0.1_l0.5,ncaf_2021_0098,0.429050087928772,0.1430052071809768,1.0,0.1,0.5,0.2,1.2,0.6508805179396847,,97,2025-10-28T00:31:34.204161+00:00,2025-10-28T00:31:34.859609+00:00,0.655429,opencv,w3 baseline run
2021_g1.0_e0.1_l0.5,ncaf_2021_0099,0.5892406105995178,0.3073084950447082,1.0,0.1,0.5,0.2,1.2,0.8895380292025802,,98,2025-10-28T00:31:34.861369+00:00,2025-10-28T00:31:35.753223+00:00,0.891839,opencv,w3 baseline run
2021_g1.0_e0.1_l0.5,ncaf_2021_0100,0.3027062118053436,0.1479124873876571,1.0,0.1,0.5,0.2,1.2,0.5687046264891201,,99,2025-10-28T00:31:35.755209+00:00,2025-10-28T00:31:36.325868+00:00,0.570646,opencv,w3 baseline run
2021_g1.0_e0.1_l0.5,ncaf_2021_0101,0.2152137905359268,0.0890688449144363,1.0,0.1,0.5,0.2,1.2,0.4456470416983394,,100,2025-10-28T00:31:36.327695+00:00,2025-10-28T00:31:36.778391+00:00,0.450685,opencv,w3 baseline run
2021_g1.0_e0.1_l0.5,ncaf_2021_0102,1.0,0.5116176605224609,1.0,0.1,0.5,0.2,1.2,1.4098521912589714,,101,2025-10-28T00:31:36.781099+00:00,2025-10-28T00:31:38.195688+00:00,1.414567,opencv,w3 baseline run
2021_g1.0_e0.1_l0.5,ncaf_2021_0103,0.5024762153625488,0.2405065596103668,1.0,0.1,0.5,0.2,1.2,0.8340230323736899,,102,2025-10-28T00:31:38.197732+00:00,2025-10-28T00:31:39.036610+00:00,0.838863,opencv,w3 baseline run
2021_g1.0_e0.1_l0.5,ncaf_2021_0104,0.6366480588912964,0.3367703855037689,1.0,0.1,0.5,0.2,1.2,0.9667601835752876,,103,2025-10-28T00:31:39.038664+00:00,2025-10-28T00:31:40.010276+00:00,0.97158,opencv,w3 baseline run
2021_g1.0_e0.1_l0.5,ncaf_2021_0105,0.4144396781921386,0.1628618389368057,1.0,0.1,0.5,0.2,1.2,0.6875077964635082,,104,2025-10-28T00:31:40.011694+00:00,2025-10-28T00:31:40.703464+00:00,0.691755,opencv,w3 baseline run
2021_g1.0_e0.1_l0.5,ncaf_2021_0106,0.1776265352964401,0.07935132086277,1.0,0.1,0.5,0.2,1.2,0.4194444407738566,,105,2025-10-28T00:31:40.705044+00:00,2025-10-28T00:31:41.128925+00:00,0.423869,opencv,w3 baseline run
2021_g1.0_e0.1_l0.5,ncaf_2021_0107,0.281148225069046,0.0717383995652198,1.0,0.1,0.5,0.2,1.2,0.4903568412650421,,106,2025-10-28T00:31:41.132119+00:00,2025-10-28T00:31:41.625278+00:00,0.493147,opencv,w3 baseline run
2021_g1.0_e0.1_l0.5,ncaf_2021_0108,0.182603508234024,0.0646860599517822,1.0,0.1,0.5,0.2,1.2,0.4043490217671079,,107,2025-10-28T00:31:41.626816+00:00,2025-10-28T00:31:42.033552+00:00,0.406725,opencv,w3 baseline run
2021_g1.0_e0.1_l0.5,ncaf_2021_0109,0.2509738504886627,0.1007998138666153,1.0,0.1,0.5,0.2,1.2,0.4674747570385877,,108,2025-10-28T00:31:42.035064+00:00,2025-10-28T00:31:42.506660+00:00,0.471583,opencv,w3 baseline run
2021_g1.0_e0.1_l0.5,ncaf_2021_0110,0.2680138945579529,0.1260208785533905,1.0,0.1,0.5,0.2,1.2,0.4950619906543095,,109,2025-10-28T00:31:42.508119+00:00,2025-10-28T00:31:43.008957+00:00,0.500825,opencv,w3 baseline run
2021_g1.0_e0.1_l0.5,ncaf_2021_0111,0.4278475344181061,0.2228162735700607,1.0,0.1,0.5,0.2,1.2,0.6797755344942613,,110,2025-10-28T00:31:43.010702+00:00,2025-10-28T00:31:43.691680+00:00,0.680967,opencv,w3 baseline run
2021_g1.0_e0.1_l0.5,ncaf_2021_0112,0.7717215418815613,0.4134376049041748,1.0,0.1,0.5,0.2,1.2,1.1291422721669535,,111,2025-10-28T00:31:43.692439+00:00,2025-10-28T00:31:44.825482+00:00,1.133022,opencv,w3 baseline run
2021_g1.0_e0.1_l0.5,ncaf_2021_0113,0.3889688551425934,0.2086509764194488,1.0,0.1,0.5,0.2,1.2,0.6887051400232738,,112,2025-10-28T00:31:44.829980+00:00,2025-10-28T00:31:45.523778+00:00,0.693786,opencv,w3 baseline run
2021_g1.0_e0.1_l0.5,ncaf_2021_0114,0.3352917730808258,0.0932151079177856,1.0,0.1,0.5,0.2,1.2,0.5694873459246934,,113,2025-10-28T00:31:45.525346+00:00,2025-10-28T00:31:46.095957+00:00,0.570598,opencv,w3 baseline run
2021_g1.0_e0.1_l0.5,ncaf_2021_0115,0.3293852806091308,0.1188304871320724,1.0,0.1,0.5,0.2,1.2,0.5624005878608069,,114,2025-10-28T00:31:46.097560+00:00,2025-10-28T00:31:46.662232+00:00,0.564651,opencv,w3 baseline run
2021_g1.0_e0.1_l0.5,ncaf_2021_0116,0.3225071132183075,0.1849251687526703,1.0,0.1,0.5,0.2,1.2,0.5717319322204173,,115,2025-10-28T00:31:46.663918+00:00,2025-10-28T00:31:47.239931+00:00,0.575985,opencv,w3 baseline run
2021_g1.0_e0.1_l0.5,ncaf_2021_0117,0.0927659645676612,0.0634908378124237,1.0,0.1,0.5,0.2,1.2,0.3258495553167908,,116,2025-10-28T00:31:47.242015+00:00,2025-10-28T00:31:47.570155+00:00,0.328127,opencv,w3 baseline run
2021_g1.0_e0.1_l0.5,ncaf_2021_0118,0.3106927573680877,0.1058830767869949,1.0,0.1,0.5,0.2,1.2,0.5172110348443667,,117,2025-10-28T00:31:47.571461+00:00,2025-10-28T00:31:48.092928+00:00,0.521453,opencv,w3 baseline run
2021_g1.0_e0.1_l0.5,ncaf_2021_0119,0.8536388874053955,0.5659686326980591,1.0,0.1,0.5,0.2,1.2,1.279642889999348,,118,2025-10-28T00:31:48.094887+00:00,2025-10-28T00:31:49.379365+00:00,1.284458,opencv,w3 baseline run
2021_g1.0_e0.1_l0.5,ncaf_2021_0120,0.2404409945011139,0.0792379528284072,1.0,0.1,0.5,0.2,1.2,0.5157928717795154,,119,2025-10-28T00:31:49.381055+00:00,2025-10-28T00:31:49.901497+00:00,0.520431,opencv,w3 baseline run
2021_g1.0_e0.1_l0.5,ncaf_2021_0121,0.2792302966117859,0.1548265665769577,1.0,0.1,0.5,0.2,1.2,0.5181505791062774,,120,2025-10-28T00:31:49.903236+00:00,2025-10-28T00:31:50.424827+00:00,0.521582,opencv,w3 baseline run
2021_g1.0_e0.1_l0.5,ncaf_2021_0122,0.8557717204093933,0.4665558934211731,1.0,0.1,0.5,0.2,1.2,1.2311648971106517,,121,2025-10-28T00:31:50.426719+00:00,2025-10-28T00:31:51.661813+00:00,1.235078,opencv,w3 baseline run
2021_g1.0_e0.1_l0.5,ncaf_2021_0123,0.6272268891334534,0.3619664907455444,1.0,0.1,0.5,0.2,1.2,0.9971429661139436,,122,2025-10-28T00:31:51.664765+00:00,2025-10-28T00:31:52.662604+00:00,0.997822,opencv,w3 baseline run
2021_g1.0_e0.1_l0.5,ncaf_2021_0124,0.1589493602514267,0.0634213089942932,1.0,0.1,0.5,0.2,1.2,0.4204094126483371,,123,2025-10-28T00:31:52.665447+00:00,2025-10-28T00:31:53.088436+00:00,0.422978,opencv,w3 baseline run
2021_g1.0_e0.1_l0.5,ncaf_2021_0125,0.4614832401275635,0.0945421755313873,1.0,0.1,0.5,0.2,1.2,0.6661520549822091,,124,2025-10-28T00:31:53.093353+00:00,2025-10-28T00:31:53.763769+00:00,0.670399,opencv,w3 baseline run
